{
	"contracts": {
		"BIP39WordList": "cadence/contracts/BIP39WordList.cdc",
		"BIP39WordListJa": "cadence/contracts/BIP39WordListJa.cdc",
		"MnemonicPoetry": "cadence/contracts/MnemonicPoetry.cdc"
	},
	"networks": {
		"emulator": "127.0.0.1:3569",
		"mainnet": "access.mainnet.nodes.onflow.org:9000",
		"testnet": "access.devnet.nodes.onflow.org:9000"
	},
	"accounts": {
		"default": {
			"address": "e03daebed8ca0615",
			"key": "679747d8ae180b16527ae0fe27ef4650a25b567d6e987dd163748248a2698fa0"
		},
		"emulator-account": {
			"address": "f8d6e0586b0a20c7",
			"key": "d2c3686da84d61c13627bdf2127866fe358165734f5470be792e6771901d2856"
		},
		"mainnet-account": { 
			"address": "1717d6b5ee65530a",
			"key": {
				"index": 0,
				"signatureAlgorithm": "ECDSA_secp256k1",
				"hashAlgorithm": "SHA2_256",
				"type": "file",
				"location": "./mainnet-account.key"
			}
		}
	},
	"deployments": {
		"emulator": {
			"emulator-account": [
				"BIP39WordList",
				"BIP39WordListJa",
				"MnemonicPoetry"
			]
		},
		"mainnet": {
			"mainnet-account": [
				"BIP39WordList",
				"BIP39WordListJa",
				"MnemonicPoetry"
			]
		}
	}
}